<?xml version="1.0" encoding="utf-8"?>
<resources>
    <!-- Primary Colors -->
    <color name="primary_color">#6200EA</color>
    <color name="primary_variant">#3700B3</color>
    <color name="secondary_color">#03DAC6</color>
    <color name="secondary_variant">#018786</color>
    
    <!-- Surface Colors -->
    <color name="background">#FFFFFF</color>
    <color name="surface">#FFFFFF</color>
    <color name="error_color">#F44336</color>
    <color name="success_color">#4CAF50</color>
    
    <!-- Text Colors -->
    <color name="primary_text">#212121</color>
    <color name="secondary_text">#757575</color>
    <color name="hint_text">#BDBDBD</color>
    
    <!-- Button Colors -->
    <color name="google_button_border">#DADCE0</color>
    <color name="google_button_text">#3C4043</color>
    <color name="biometric_button">#FF6B35</color>
    
    <!-- UI Elements -->
    <color name="divider_color">#E0E0E0</color>
    <color name="loading_overlay">#80000000</color>
    
    <!-- Meme App Specific -->
    <color name="meme_background">#F5F5F5</color>
    <color name="card_background">#FFFFFF</color>
    <color name="accent_orange">#FF9800</color>
    <color name="accent_purple">#9C27B0</color>
</resources>
