<?xml version="1.0" encoding="utf-8"?>
<resources>
    
    <!-- Base Application Theme -->
    <style name="AppTheme" parent="Theme.MaterialComponents.DayNight.DarkActionBar">
        <item name="colorPrimary">@color/primary_color</item>
        <item name="colorPrimaryVariant">@color/primary_variant</item>
        <item name="colorSecondary">@color/secondary_color</item>
        <item name="colorSecondaryVariant">@color/secondary_variant</item>
        <item name="colorSurface">@color/surface</item>
        <item name="colorError">@color/error_color</item>
        <item name="android:colorBackground">@color/background</item>
        <item name="colorOnPrimary">@android:color/white</item>
        <item name="colorOnSecondary">@android:color/black</item>
        <item name="colorOnSurface">@color/primary_text</item>
        <item name="colorOnError">@android:color/white</item>
    </style>

    <!-- Login Theme (No Action Bar) -->
    <style name="AppTheme.Login" parent="Theme.MaterialComponents.DayNight.NoActionBar">
        <item name="colorPrimary">@color/primary_color</item>
        <item name="colorPrimaryVariant">@color/primary_variant</item>
        <item name="colorSecondary">@color/secondary_color</item>
        <item name="colorSecondaryVariant">@color/secondary_variant</item>
        <item name="colorSurface">@color/surface</item>
        <item name="colorError">@color/error_color</item>
        <item name="android:colorBackground">@color/background</item>
        <item name="colorOnPrimary">@android:color/white</item>
        <item name="colorOnSecondary">@android:color/black</item>
        <item name="colorOnSurface">@color/primary_text</item>
        <item name="colorOnError">@android:color/white</item>
        <item name="android:statusBarColor">@color/primary_color</item>
        <item name="android:windowLightStatusBar">false</item>
    </style>

    <!-- Button Styles -->
    <style name="Button.Primary" parent="Widget.MaterialComponents.Button">
        <item name="backgroundTint">@color/primary_color</item>
        <item name="android:textColor">@android:color/white</item>
        <item name="android:textAllCaps">false</item>
        <item name="android:textSize">16sp</item>
        <item name="cornerRadius">8dp</item>
    </style>

    <style name="Button.Secondary" parent="Widget.MaterialComponents.Button.OutlinedButton">
        <item name="strokeColor">@color/primary_color</item>
        <item name="android:textColor">@color/primary_color</item>
        <item name="android:textAllCaps">false</item>
        <item name="android:textSize">16sp</item>
        <item name="cornerRadius">8dp</item>
    </style>

    <style name="Button.Google" parent="Widget.MaterialComponents.Button.OutlinedButton">
        <item name="strokeColor">@color/google_button_border</item>
        <item name="android:textColor">@color/google_button_text</item>
        <item name="android:textAllCaps">false</item>
        <item name="android:textSize">16sp</item>
        <item name="cornerRadius">8dp</item>
    </style>

    <!-- Text Input Styles -->
    <style name="TextInputLayout.OutlinedBox" parent="Widget.MaterialComponents.TextInputLayout.OutlinedBox">
        <item name="boxCornerRadiusTopStart">8dp</item>
        <item name="boxCornerRadiusTopEnd">8dp</item>
        <item name="boxCornerRadiusBottomStart">8dp</item>
        <item name="boxCornerRadiusBottomEnd">8dp</item>
        <item name="boxStrokeColor">@color/primary_color</item>
        <item name="hintTextColor">@color/secondary_text</item>
    </style>

    <!-- Card Styles -->
    <style name="CardView.Meme" parent="Widget.MaterialComponents.CardView">
        <item name="cardCornerRadius">12dp</item>
        <item name="cardElevation">4dp</item>
        <item name="cardBackgroundColor">@color/card_background</item>
        <item name="android:layout_margin">8dp</item>
    </style>

    <!-- Splash Theme -->
    <style name="AppTheme.Splash" parent="Theme.MaterialComponents.DayNight.NoActionBar">
        <item name="colorPrimary">@color/primary_color</item>
        <item name="android:windowBackground">@drawable/splash_background</item>
        <item name="android:statusBarColor">@color/primary_color</item>
        <item name="android:windowLightStatusBar">false</item>
    </style>

    <!-- Text Styles -->
    <style name="TextAppearance.Headline" parent="TextAppearance.MaterialComponents.Headline6">
        <item name="android:textColor">@color/primary_text</item>
        <item name="android:textStyle">bold</item>
    </style>

    <style name="TextAppearance.Body" parent="TextAppearance.MaterialComponents.Body1">
        <item name="android:textColor">@color/primary_text</item>
    </style>

    <style name="TextAppearance.Caption" parent="TextAppearance.MaterialComponents.Caption">
        <item name="android:textColor">@color/secondary_text</item>
    </style>

</resources>
